clip_id,duration_s,fps_mode,orientation,rotate_deg,mean_brightness,color_temp_k,skin_pixel_fraction,prop_family,prop_family_conf,lid_type,lid_type_conf,gloves,gloves_conf,camera_angle,camera_angle_conf,session_id,notes
Dataset10_glovebox,57.1,cfr,landscape,0,124.8,4354,0.6635,unimplemented,0.0,unimplemented,0.0,unimplemented,0.0,unimplemented,0.0,,
Dataset11_glovebox,65.0,cfr,landscape,0,124.7,4445,0.5952,unimplemented,0.0,unimplemented,0.0,unimplemented,0.0,unimplemented,0.0,,
Dataset12_glovebox,54.8,cfr,landscape,0,130.6,5372,0.1851,unimplemented,0.0,unimplemented,0.0,unimplemented,0.0,unimplemented,0.0,,
Dataset13_glovebox,49.2,cfr,landscape,0,124.6,5179,0.2442,unimplemented,0.0,unimplemented,0.0,unimplemented,0.0,unimplemented,0.0,,
Dataset14_glovebox,47.2,cfr,landscape,0,131.0,6425,0.1239,unimplemented,0.0,unimplemented,0.0,unimplemented,0.0,unimplemented,0.0,,
Dataset15_glovebox,42.8,cfr,landscape,0,126.6,5085,0.3124,unimplemented,0.0,unimplemented,0.0,unimplemented,0.0,unimplemented,0.0,,
Dataset16_glovebox,44.5,cfr,landscape,0,123.0,5097,0.2381,unimplemented,0.0,unimplemented,0.0,unimplemented,0.0,unimplemented,0.0,,
Dataset17_glovebox,53.0,cfr,landscape,0,108.3,5615,0.1244,unimplemented,0.0,unimplemented,0.0,unimplemented,0.0,unimplemented,0.0,,
Dataset18_glovebox,49.3,cfr,landscape,0,106.5,5776,0.1145,unimplemented,0.0,unimplemented,0.0,unimplemented,0.0,unimplemented,0.0,,
Dataset19_glovebox,38.3,unknown,unknown,90,132.8,5533,0.1187,unimplemented,0.0,unimplemented,0.0,unimplemented,0.0,unimplemented,0.0,,
Dataset1_glovebox,44.1,cfr,landscape,0,124.2,6278,0.157,unimplemented,0.0,unimplemented,0.0,unimplemented,0.0,unimplemented,0.0,,
Dataset20_glovebox,49.0,cfr,landscape,0,150.4,5436,0.274,unimplemented,0.0,unimplemented,0.0,unimplemented,0.0,unimplemented,0.0,,
Dataset21_glovebox,36.7,unknown,unknown,0,126.2,4254,0.5223,unimplemented,0.0,unimplemented,0.0,unimplemented,0.0,unimplemented,0.0,,
Dataset22_glovebox,49.8,unknown,unknown,90,122.8,5460,0.1593,unimplemented,0.0,unimplemented,0.0,unimplemented,0.0,unimplemented,0.0,,
Dataset23_glovebox,41.4,cfr,landscape,0,126.9,5155,0.2838,unimplemented,0.0,unimplemented,0.0,unimplemented,0.0,unimplemented,0.0,,
Dataset24_glovebox,35.6,cfr,landscape,0,128.0,5449,0.2005,unimplemented,0.0,unimplemented,0.0,unimplemented,0.0,unimplemented,0.0,,
Dataset25_glovebox,39.7,cfr,landscape,0,124.0,5077,0.315,unimplemented,0.0,unimplemented,0.0,unimplemented,0.0,unimplemented,0.0,,
Dataset26_glovebox,44.5,cfr,landscape,0,127.5,5180,0.2998,unimplemented,0.0,unimplemented,0.0,unimplemented,0.0,unimplemented,0.0,,
Dataset27_glovebox,37.0,cfr,landscape,0,112.6,6513,0.1345,unimplemented,0.0,unimplemented,0.0,unimplemented,0.0,unimplemented,0.0,,
Dataset28_glovebox,41.0,unknown,unknown,90,124.6,5978,0.0954,unimplemented,0.0,unimplemented,0.0,unimplemented,0.0,unimplemented,0.0,,
Dataset29_glovebox,41.5,cfr,landscape,0,128.4,5290,0.239,unimplemented,0.0,unimplemented,0.0,unimplemented,0.0,unimplemented,0.0,,
Dataset2_glovebox,58.3,cfr,landscape,0,125.6,5069,0.2833,unimplemented,0.0,unimplemented,0.0,unimplemented,0.0,unimplemented,0.0,,
Dataset30_glovebox,37.6,cfr,landscape,0,120.2,5995,0.1793,unimplemented,0.0,unimplemented,0.0,unimplemented,0.0,unimplemented,0.0,,
Dataset31_glovebox,36.1,cfr,landscape,0,128.9,6153,0.1429,unimplemented,0.0,unimplemented,0.0,unimplemented,0.0,unimplemented,0.0,,
Dataset32_glovebox,39.6,cfr,landscape,0,127.0,5281,0.207,unimplemented,0.0,unimplemented,0.0,unimplemented,0.0,unimplemented,0.0,,
Dataset33_glovebox,34.6,unknown,unknown,90,122.3,5603,0.1011,unimplemented,0.0,unimplemented,0.0,unimplemented,0.0,unimplemented,0.0,,
Dataset34_glovebox,34.5,cfr,landscape,0,125.1,5030,0.2648,unimplemented,0.0,unimplemented,0.0,unimplemented,0.0,unimplemented,0.0,,
Dataset35_glovebox,37.7,cfr,landscape,0,133.0,5503,0.1493,unimplemented,0.0,unimplemented,0.0,unimplemented,0.0,unimplemented,0.0,,
Dataset36_glovebox,38.5,cfr,landscape,0,129.3,5251,0.2581,unimplemented,0.0,unimplemented,0.0,unimplemented,0.0,unimplemented,0.0,,
Dataset37_glovebox,41.1,cfr,landscape,0,121.1,5045,0.2646,unimplemented,0.0,unimplemented,0.0,unimplemented,0.0,unimplemented,0.0,,
Dataset38_glovebox,31.5,unknown,unknown,90,134.0,5707,0.1819,unimplemented,0.0,unimplemented,0.0,unimplemented,0.0,unimplemented,0.0,,
Dataset39_glovebox,34.7,cfr,landscape,0,104.4,5797,0.1355,unimplemented,0.0,unimplemented,0.0,unimplemented,0.0,unimplemented,0.0,,
Dataset3_glovebox,34.6,cfr,landscape,90,122.2,5613,0.1014,unimplemented,0.0,unimplemented,0.0,unimplemented,0.0,unimplemented,0.0,,
Dataset40_glovebox,31.1,cfr,landscape,0,127.7,5116,0.3173,unimplemented,0.0,unimplemented,0.0,unimplemented,0.0,unimplemented,0.0,,
Dataset41_glovebox,35.7,cfr,landscape,0,125.4,5209,0.3102,unimplemented,0.0,unimplemented,0.0,unimplemented,0.0,unimplemented,0.0,,
Dataset42_glovebox,36.3,cfr,landscape,0,123.5,5063,0.2879,unimplemented,0.0,unimplemented,0.0,unimplemented,0.0,unimplemented,0.0,,
Dataset43_glovebox,32.4,unknown,unknown,90,130.8,5420,0.0854,unimplemented,0.0,unimplemented,0.0,unimplemented,0.0,unimplemented,0.0,,
Dataset44_glovebox,29.0,unknown,unknown,90,127.2,5604,0.1228,unimplemented,0.0,unimplemented,0.0,unimplemented,0.0,unimplemented,0.0,,
Dataset45_glovebox,30.3,cfr,landscape,0,118.6,5760,0.1574,unimplemented,0.0,unimplemented,0.0,unimplemented,0.0,unimplemented,0.0,,
Dataset46_glovebox,29.4,unknown,unknown,90,133.6,5597,0.1478,unimplemented,0.0,unimplemented,0.0,unimplemented,0.0,unimplemented,0.0,,
Dataset47_glovebox,27.2,cfr,landscape,0,118.3,5813,0.1421,unimplemented,0.0,unimplemented,0.0,unimplemented,0.0,unimplemented,0.0,,
Dataset48_glovebox,26.6,cfr,landscape,0,125.4,4996,0.2188,unimplemented,0.0,unimplemented,0.0,unimplemented,0.0,unimplemented,0.0,,
Dataset49_glovebox,65.0,cfr,landscape,0,126.1,4685,0.5254,unimplemented,0.0,unimplemented,0.0,unimplemented,0.0,unimplemented,0.0,,
Dataset4_glovebox,44.0,cfr,landscape,0,127.1,4230,0.6284,unimplemented,0.0,unimplemented,0.0,unimplemented,0.0,unimplemented,0.0,,
Dataset50_glovebox,55.1,cfr,landscape,0,127.5,4632,0.5699,unimplemented,0.0,unimplemented,0.0,unimplemented,0.0,unimplemented,0.0,,
Dataset51_glovebox,49.3,cfr,landscape,0,122.5,4539,0.5466,unimplemented,0.0,unimplemented,0.0,unimplemented,0.0,unimplemented,0.0,,
Dataset52_glovebox,38.6,cfr,landscape,0,122.0,4414,0.6943,unimplemented,0.0,unimplemented,0.0,unimplemented,0.0,unimplemented,0.0,,
Dataset53_glovebox,33.6,cfr,landscape,0,128.3,4874,0.5372,unimplemented,0.0,unimplemented,0.0,unimplemented,0.0,unimplemented,0.0,,
Dataset54_glovebox,31.2,cfr,landscape,0,126.5,4629,0.5902,unimplemented,0.0,unimplemented,0.0,unimplemented,0.0,unimplemented,0.0,,
Dataset55_glovebox,41.4,cfr,landscape,0,145.3,5708,0.1659,unimplemented,0.0,unimplemented,0.0,unimplemented,0.0,unimplemented,0.0,,
Dataset56_glovebox,40.9,cfr,landscape,0,139.4,5201,0.3747,unimplemented,0.0,unimplemented,0.0,unimplemented,0.0,unimplemented,0.0,,
Dataset57_glovebox,31.3,cfr,landscape,0,150.5,5260,0.2686,unimplemented,0.0,unimplemented,0.0,unimplemented,0.0,unimplemented,0.0,,
Dataset58_glovebox,29.1,cfr,landscape,0,144.4,5143,0.1818,unimplemented,0.0,unimplemented,0.0,unimplemented,0.0,unimplemented,0.0,,
Dataset59_glovebox,47.0,cfr,landscape,0,138.9,4740,0.2533,unimplemented,0.0,unimplemented,0.0,unimplemented,0.0,unimplemented,0.0,,
Dataset5_glovebox,37.2,cfr,landscape,0,132.6,5452,0.1623,unimplemented,0.0,unimplemented,0.0,unimplemented,0.0,unimplemented,0.0,,
Dataset60_glovebox,36.3,cfr,landscape,0,140.7,5417,0.291,unimplemented,0.0,unimplemented,0.0,unimplemented,0.0,unimplemented,0.0,,
Dataset61_glovebox,34.6,cfr,landscape,0,138.2,5522,0.2633,unimplemented,0.0,unimplemented,0.0,unimplemented,0.0,unimplemented,0.0,,
Dataset62_glovebox,35.6,cfr,landscape,0,136.8,5351,0.2538,unimplemented,0.0,unimplemented,0.0,unimplemented,0.0,unimplemented,0.0,,
Dataset6_glovebox,89.9,cfr,landscape,0,126.9,5367,0.1964,unimplemented,0.0,unimplemented,0.0,unimplemented,0.0,unimplemented,0.0,,
Dataset7_glovebox,60.8,cfr,landscape,0,126.4,5242,0.2168,unimplemented,0.0,unimplemented,0.0,unimplemented,0.0,unimplemented,0.0,,
Dataset8_glovebox,56.1,cfr,landscape,0,160.1,5429,0.2976,unimplemented,0.0,unimplemented,0.0,unimplemented,0.0,unimplemented,0.0,,
Dataset9_glovebox,53.1,cfr,landscape,0,112.0,5635,0.1238,unimplemented,0.0,unimplemented,0.0,unimplemented,0.0,unimplemented,0.0,,
