clip_id,dhash_threshold
Dataset72_glovebox,3
Dataset73_glovebox,3
Dataset74_glovebox,3
Dataset75_glovebox,3
Dataset76_glovebox,3
Dataset77_glovebox,3
Dataset78_glovebox,3
Dataset79_glovebox,3
Dataset80_glovebox,3
Dataset81_glovebox,3
Dataset82_glovebox,3
Dataset1_glovebox_ARUCO,4
Dataset2_glovebox_ARUCO,4
Dataset3_glovebox_ARUCO,4
Dataset4_glovebox_ARUCO,4
Dataset5_glovebox_ARUCO,4
Dataset6_glovebox_ARUCO,4
Dataset7_glovebox_ARUCO,4
Dataset8_glovebox_ARUCO,4
Dataset9_glovebox_ARUCO,4
Dataset10_glovebox_ARUCO,4
Dataset11_glovebox_ARUCO,4
Dataset12_glovebox_ARUCO,4
Dataset13_glovebox_ARUCO,4
Dataset14_glovebox_ARUCO,4
Dataset15_glovebox_ARUCO,4
Dataset16_glovebox_ARUCO,4
Dataset17_glovebox_ARUCO,4
Dataset18_glovebox_ARUCO,4
Dataset19_glovebox_ARUCO,4
Dataset20_glovebox_ARUCO,4
