clip_id,rotate_deg,source,confirmed
Dataset10_glovebox,0,none,
Dataset11_glovebox,0,none,
Dataset12_glovebox,0,none,
Dataset13_glovebox,0,none,
Dataset14_glovebox,0,none,
Dataset15_glovebox,0,none,
Dataset16_glovebox,0,none,
Dataset17_glovebox,0,none,
Dataset18_glovebox,0,none,
Dataset19_glovebox,90,override,yes
Dataset1_glovebox,0,none,
Dataset20_glovebox,0,none,
Dataset21_glovebox,0,override,yes
Dataset22_glovebox,90,override,yes
Dataset23_glovebox,0,none,
Dataset24_glovebox,0,none,
Dataset25_glovebox,0,none,
Dataset26_glovebox,0,none,
Dataset27_glovebox,0,none,
Dataset28_glovebox,90,override,yes
Dataset29_glovebox,0,none,
Dataset2_glovebox,0,none,
Dataset30_glovebox,0,none,
Dataset31_glovebox,0,none,
Dataset32_glovebox,0,none,
Dataset33_glovebox,90,override,yes
Dataset34_glovebox,0,none,
Dataset35_glovebox,0,none,
Dataset36_glovebox,0,none,
Dataset37_glovebox,0,none,
Dataset38_glovebox,90,override,yes
Dataset39_glovebox,0,none,
Dataset3_glovebox,90,override,yes
Dataset40_glovebox,0,none,
Dataset41_glovebox,0,none,
Dataset42_glovebox,0,none,
Dataset43_glovebox,90,override,yes
Dataset44_glovebox,90,override,yes
Dataset45_glovebox,0,none,
Dataset46_glovebox,90,override,yes
Dataset47_glovebox,0,none,
Dataset48_glovebox,0,none,
Dataset49_glovebox,0,none,
Dataset4_glovebox,0,none,
Dataset50_glovebox,0,none,
Dataset51_glovebox,0,none,
Dataset52_glovebox,0,none,
Dataset53_glovebox,0,none,
Dataset54_glovebox,0,none,  
Dataset55_glovebox,0,none,
Dataset56_glovebox,0,none,
Dataset57_glovebox,0,none,
Dataset58_glovebox,0,none,
Dataset59_glovebox,0,none,
Dataset5_glovebox,0,none,
Dataset60_glovebox,0,none,
Dataset61_glovebox,0,none,
Dataset62_glovebox,0,none,
Dataset63_glovebox,0,none,
Dataset64_glovebox,0,none,
Dataset65_glovebox,0,none,
Dataset66_glovebox,0,none,
Dataset67_glovebox,0,none,
Dataset68_glovebox,0,none,
Dataset69_glovebox,0,none,
Dataset6_glovebox,0,none,
Dataset70_glovebox,0,none,
Dataset71_glovebox,0,none,
Dataset7_glovebox,0,none,
Dataset8_glovebox,0,none,
Dataset9_glovebox,0,none,
